–¢–µ–ª–æ —Å—Å—ã–ª–∫–∏,–°—Å—ã–ª–∫–∞
–£—Å—Ç–∞–Ω–æ–≤–∏—Ç—å,https://yandex.ru/an/count/WmeejI_zOBe21HW0L2eG8_hgNRtb5GK0kWCGW8200J4men5a000003YaYSa1G098263q672wlvFtmFRpXeG1W049a07ovzEnqO20W0AO0VBdqx5Hk06KqOg-8i01IjW1-BB4cm7e0Pm3y0ADf9_e0h4I-0J0cz05Y0N0cz05a0N0cz05e0M0tTi1g0N0ZRS1i0N0ZRS1k0N0ZRS1m0N0cz05o0N0ZRS1C3VCElb4_7Af1v8GyR8cbHqHi0U0W9Wyk0UiDD074e28W07e2KF9-0g0jHYg2n3WC8yeaX01060CKo3kzkWBm9lG1V0B1kWCay20W808Fx3kiDQJdv7-Sg0Em8GziWy9C0604BpNYXwG497Nm8QtYjoB-WZu40E04GBm4WE84mQG4pBW4y2Djm6W5C2Djm6e5C2Rq0N850Be58m2y1N1YlRieu-y_6EG5boW5f2TeQ06oHQ15vWNozFJ8wWN2S0Nj9O1s1V0X3sW60Mm6AAKng06q1WX-1ZCbARxZvsij4w06TIGiwRXb9V46f0P0Q0PgWEm6RWP_m70qXaIUM5YSrzpPN9sPN8lSZSvDoqow1c0mWFm6O320u4Q___l75ZcdjYO6jJ3Kx0QkxBXx8heylol0RWQ0VKQ0G00088RIp4sDpWuDpSqE3WrCJ8nDZGjCpOuC3SrD3asDZ0qEJCpDpWvCJ0mCJ0tBN1oRsHrOtHfRsujON1mBMXlStGjTcnXBN1ZRsHbBJ4oCx0RIBWR0u8S3N5PHJfvHLD6TrfgPpVf780T__z_cHt87S24FQWU0T0UvyAqwlhwWgTjs1xyZH-W7xpNYXwm7m787xoPuatO8AQoa13W80RG8V___m7O8T3hn__3gE-O_07O8RIcwzxoiR-_UkZu8Ui7rIB__t__WIC00000003mFnm0w1Wd1XuGXsZa3voQM4Jgt1WdunbMWIs2eM88o9wddxlX0Fe7FxDYiA-SLpVshZKFZCHMaEyCOT4K48yy0m4KtVKEMSLbAny3W3F0wkJ1ON60hY0kb7RE~1?doreno=6
–Ø–Ω–¥–µ–∫—Å.–ë—Ä–∞—É–∑–µ—Ä,https://yandex.ru/an/count/WkSejI_zO8i2xHO0X2WG8_hgRje5hWK0YmCGW8200J4men5a000003YaYSa1G0f8162s4d3ir_ZlrRsfif81W049a070-TR9ru20W0AO0S3vribNk07qzUxo8y01IjW1ggFHe07e0Sm3y0ADf9_e0lCJ-0J0cz05Y0N0cz05a0N0cz05e0M0tTi1g0N0ZRS1i0N0ZRS1k0N0ZRS1m0N0cz05o0N0ZRS1C3VCElb4_7Af1v8GyR8cbHqHi0U0W9Wyk0UiDD074e28W07e2KF9-0g0jHYg2n3WC8yeaX01060CKo3kzkWBm9lG1V0B1kWCay20W808Fx3kiDQJdv7-Sg0Em8GzW13LZz4Wa12Hry26juhSY_e8-103W142y183Y1C6a1Cou1F0ZRS1e1J0ZRS1g1J0cz05o1G2w1IC0l0LmOhsxAEFlFnZa1PSe1QGdQ6W1iaMWHUO5ylJqoEe5md05xIM0TWNm8Gze1W5i1ZyzyMW1j0O8VWOp9Ic-u-ThBHEW1dKaBEcuPINn1gG6G6W6Qe3i1cu6Vy1mD8P4dbXOdDVSsLoTcLoBt8tEJSjCkWPWC83y1c0mWE16l__fv8h_7swc1hKmrEm6hkouUoAwFByhm6u6W7r6W4000226qinDZSuE3StD3WuDJ4oCJOqBJCsE30tDJGvDZOmD3apCpSuEJ4mC34mDormSczaTMDqQMzkBM5mS2reRtDqBNPiOIrmOszaPIqnCZEm6qYu6mE270rnMKKwUKLJHdTQQcStwHo07V__VvaTo1t0X3se7W7G7kV2jEhw-eAdRTWU_8qVe1_LZz4Wi1y3o1_LqQXGs22cif0Gu206q27___y1-27f1zKY__z__u4Z00000000y3yQ06A40N68Hlx0gOb5fCwDSJ8UO1NO8XWgXe3WUVg96muWVl0p4mRxjhow0KPYAyXtXh1e2eX7de40YkvwXwpYifMF0S0PO7NouB0uG5SG5qexPm00~1?doreno=1
–£—Å—Ç–∞–Ω–æ–≤–∏—Ç—å,https://yandex.ru/an/count/WkSejI_zO8i2xHO0X2WG8_hgRje5hWK0YmCGW8200J4men5a000003YaYSa1G0f8162s4d3ir_ZlrRsfif81W049a070-TR9ru20W0AO0S3vribNk07qzUxo8y01IjW1ggFHe07e0Sm3y0ADf9_e0lCJ-0J0cz05Y0N0cz05a0N0cz05e0M0tTi1g0N0ZRS1i0N0ZRS1k0N0ZRS1m0N0cz05o0N0ZRS1C3VCElb4_7Af1v8GyR8cbHqHi0U0W9Wyk0UiDD074e28W07e2KF9-0g0jHYg2n3WC8yeaX01060CKo3kzkWBm9lG1V0B1kWCay20W808Fx3kiDQJdv7-Sg0Em8GzW13LZz4Wa12Hry26juhSY_e8-103W142y183Y1C6a1Cou1F0ZRS1e1J0ZRS1g1J0cz05o1G2w1IC0l0LmOhsxAEFlFnZa1PSe1QGdQ6W1iaMWHUO5ylJqoEe5md05xIM0TWNm8Gze1W5i1ZyzyMW1j0O8VWOp9Ic-u-ThBHEW1dKaBEcuPINn1gG6G6W6Qe3i1cu6Vy1mD8P4dbXOdDVSsLoTcLoBt8tEJSjCkWPWC83y1c0mWE16l__fv8h_7swc1hKmrEm6hkouUoAwFByhm6u6W7r6W4000226qinDZSuE3StD3WuDJ4oCJOqBJCsE30tDJGvDZOmD3apCpSuEJ4mC34mDormSczaTMDqQMzkBM5mS2reRtDqBNPiOIrmOszaPIqnCZEm6qYu6mE270rnMKKwUKLJHdTQQcStwHo07V__VvaTo1t0X3se7W7G7kV2jEhw-eAdRTWU_8qVe1_LZz4Wi1y3o1_LqQXGs22cif0Gu206q27___y1-27f1zKY__z__u4Z00000000y3yQ06A40N68Hlx0gOb5fCwDSJ8UO1NO8XWgXe3WUVg96muWVl0p4mRxjhow0KPYAyXtXh1e2eX7de40YkvwXwpYifMF0S0PO7NouB0uG5SG5qexPm00~1?doreno=1
–£—Å—Ç–∞–Ω–æ–≤–∏—Ç–µ –Ø–Ω–¥–µ–∫—Å –ë—Ä–∞—É–∑–µ—Ä,https://yandex.ru/an/count/WkWejI_zO8m2zHO0b2WG8_hgez62gWK0Z0CGW8200J4men5a000003YaYSa1G0H80c3g4N34x9ApzAVzkem1W049a06EhOhauu20W0AO0OwjYkHZk06i_UQJ9i01IjW1_lErgW7e0Pu1y0ADf9_e0ie7-0J0cz05Y0N0cz05a0N0cz05e0M0tTi1g0N0ZRS1i0N0ZRS1k0N0ZRS1m0N0cz05o0N0ZRS1C3VCElb4_7Af1v8GyR8cbHqHi0U0W9Wyk0UiDD074e28W07e2KF9-0g0jHYg2n3WC8yeaX01060CKo3kzkWBm9lG1V0B1kWCay20W808Fx3kiDQJdv7-Sg0Em8GzW13_jyCba12Hry26juhSY_e8-103W142y183Y1C6a1Cou1F0ZRS1e1J0ZRS1g1J0cz05o1G2w1IC0l0LmOhsxAEFlFnZa1PSe1QGdQ6W1iaMWHUO5ylJqoEe5md05xIM0TWNm8Gze1W5i1ZwXSQW1j0O8VWOp9Ic-u-ThBHEW1dKaBEcuPINn1gG6G6W6Qe3i1cu6Vy1mD8P4dbXOdDVSsLoTcLoBt8tEJSjCkWPWC83y1c0mWE16l__su6OGgk8c1hKmrEm6hkouUoAwFByhm6u6W7r6W4000226qinDZSuE3StD3WuDJ4oCJOqBJCsE30tDJGvDZOmD3apCpSuEJ4mC34mDormSczaTMDqQMzkBM5mS2reRtDqBNPiOIrmOszaPIqnCZEm6qYu6mE270rnMKKwUKLJHdTQQcStwHo07V__VvaTo1t0X3se7W7G7iU6azowrAdUk07O7loD7w0V_xV39R0V0iWV__cQLTWWuAFU2U0W1j0X____0VWX_HZL8l__V_-18m0000000F0_6W1pX05nY4R-mAc9HQJEZN4o7c0Ls28OAeQ0u7dwYHiE87xmCnC6-xQykW56OYl8TuQmQ0g8Hvw108hkUeUiuhALZm706M1ryk2mE41N41TAEsS0~1?doreno=4
–°–µ–π—á–∞—Å –≤ –°–ú–ò,https://dzen.ru/news?issue_tld=ru
–ú–æ—Å–∫–≤–∞ –∏ –æ–±–ª–∞—Å—Ç—å,https://dzen.ru/news/region/Moscow_and_Moscow_Oblast?issue_tld=ru
–ò–Ω—Ç–µ—Ä–µ—Å–Ω–æ–µ,https://dzen.ru/news/rubric/personal_feed?issue_tld=ru
–°–í–û,https://dzen.ru/news/rubric/svo?issue_tld=ru
–ü–æ–ª–∏—Ç–∏–∫–∞,https://dzen.ru/news/rubric/politics?issue_tld=ru
–û–±—â–µ—Å—Ç–≤–æ,https://dzen.ru/news/rubric/society?issue_tld=ru
–≠–∫–æ–Ω–æ–º–∏–∫–∞,https://dzen.ru/news/rubric/business?issue_tld=ru
–í –º–∏—Ä–µ,https://dzen.ru/news/rubric/world?issue_tld=ru
–°–ø–æ—Ä—Ç,https://dzen.ru/news/rubric/sport?issue_tld=ru
–ü—Ä–æ–∏—Å—à–µ—Å—Ç–≤–∏—è,https://dzen.ru/news/rubric/incident?issue_tld=ru
–ö—É–ª—å—Ç—É—Ä–∞,https://dzen.ru/news/rubric/culture?issue_tld=ru
–¢–µ—Ö–Ω–æ–ª–æ–≥–∏–∏,https://dzen.ru/news/rubric/computers?issue_tld=ru
–ù–∞—É–∫–∞,https://dzen.ru/news/rubric/science?issue_tld=ru
–ê–≤—Ç–æ,https://dzen.ru/news/rubric/auto?issue_tld=ru
–ë—É–Ω–±–∏—á,https://dzen.ru/bunbich?country_code=ru&lang=ru&parent_rid=1046336202.96.1678877488458.71989&from_parent_id=7424972213803906310&from_parent_type=gif&from_page=other_page
–°–º–µ—à–∞–ª —Å–≥—É—â–µ–Ω–∫—É –∏ –ø–µ—á–µ–Ω—å–µ –∏ —Ä–µ–∑—É–ª—å—Ç–∞—Ç –º–µ–Ω—è —É–¥–∏–≤–∏–ª. –¢—Ä–∞—á—É –Ω–∞ –ø—Ä–∏–≥–æ—Ç–æ–≤–ª–µ–Ω–∏–µ –≤—Å–µ–≥–æ 5 –º–∏–Ω—É—Ç,https://dzen.ru/video/watch/63ef7c06b0dc892d6878cd1b?rid=1046336202.96.1678877488458.71989&
–ú–∏—Ä –∫–æ–º–∏–∫—Å–æ–≤,https://dzen.ru/uspex?country_code=ru&lang=ru&parent_rid=1046336202.96.1678877488458.71989&from_parent_id=-7860713754837420635&from_parent_type=native&from_page=other_page
–ú–∏—Ä –∫–æ–º–∏–∫—Å–æ–≤,https://dzen.ru/uspex?country_code=ru&lang=ru&parent_rid=1046336202.96.1678877488458.71989&from_parent_id=-7860713754837420635&from_parent_type=native&from_page=other_page
13 –∫–æ–º–∏–∫—Å–æ–≤ –æ –∂–∏–∑–Ω–∏ –º–æ–ª–æ–¥–æ–π –∞–º–µ—Ä–∏–∫–∞–Ω–∫–∏ —Å –º—É–∂–µ–º –∏ —Å–æ–±–∞–∫–∞–º–∏,https://dzen.ru/a/ZAhN6VCKFztbn9Hs?from=feed&utm_referrer=https%3A%2F%2Fzen.yandex.com&rid=1046336202.96.1678877488458.71989&clid=1400&integration=site_desktop&place=layout&secdata=CO770P3sMCABUJYJagQBJHVu&
Megapolus Tours,https://dzen.ru/megapolus_tours?country_code=ru&lang=ru&parent_rid=1046336202.96.1678877488458.71989&from_parent_id=-8833777887883939333&from_parent_type=brief&from_page=other_page
DJ DIMIXER –≥–æ–≤–æ—Ä–∏—Ç –æ –ú—É–∑—ã–∫–µ [–ü–û –°–¢–£–î–ò–Ø–ú],https://dzen.ru/dimixer?country_code=ru&lang=ru&parent_rid=1046336202.96.1678877488458.71989&from_parent_id=1501297373159104368&from_parent_type=gif&from_page=other_page
–°–æ–≤–µ—Ç—Å–∫–∏–µ –º—É–ª—å—Ç—Ñ–∏–ª—å–º—ã. –ö—Ç–æ –∏ –∫–∞–∫ –∏—Ö —Å–æ–∑–¥–∞–≤–∞–ª? [–ü–û –°–¢–£–î–ò–Ø–ú],https://dzen.ru/video/watch/63a969fad3515541cab9310b?rid=1046336202.96.1678877488458.71989&
–ö—É–∫–æ—è–∫–∏ ‚ù§Ô∏è,https://dzen.ru/kukoyaka?country_code=ru&lang=ru&parent_rid=1046336202.96.1678877488458.71989&from_parent_id=-1057139511953193998&from_parent_type=publisher_list&referrer_clid=1400&from_page=other_page
"–ü—Ä–∏–≤–µ—Ç! –ú—ã –ö—É–∫–æ—è–∫–∏, –≤—ã –Ω–∞–≤–µ—Ä–Ω–æ–µ –Ω–∞—Å –∑–Ω–∞–µ—Ç–µ, —Ä–∞–∑ —Ç—É—Ç –æ–∫–∞–∑–∞–ª–∏—Å—å, –µ—Å–ª–∏ –Ω–µ –∑–Ω–∞–µ—Ç–µ, —Ç–æ –º—ã –ö—É–∫–æ—è–∫–∏. –†–∞–¥—ã –∑–Ω–∞–∫–æ–º—Å—Ç–≤—É üòò",https://dzen.ru/kukoyaka?country_code=ru&lang=ru&parent_rid=1046336202.96.1678877488458.71989&from_parent_id=-1057139511953193998&from_parent_type=publisher_list&referrer_clid=1400&from_page=other_page
–ê–Ω–Ω–∞ –ö–æ–º–ª–æ–≤–∞,https://dzen.ru/anna_komlova?country_code=ru&lang=ru&parent_rid=1046336202.96.1678877488458.71989&from_parent_id=-1057139511953193998&from_parent_type=publisher_list&referrer_clid=1400&from_page=other_page
"–ö–∞–Ω–∞–ª –ø—Å–∏—Ö–æ–ª–æ–≥–∞, —Å–µ–∫—Å–æ–ª–æ–≥–∞, —Ç–µ–ª–µ—Å–Ω–æ–≥–æ —Ç–µ—Ä–∞–ø–µ–≤—Ç–∞ –ê–Ω–Ω—ã –ö–æ–º–ª–æ–≤–æ–π. –õ–∏—á–Ω—ã–π —Å–∞–π—Ç komlova.ru",https://dzen.ru/anna_komlova?country_code=ru&lang=ru&parent_rid=1046336202.96.1678877488458.71989&from_parent_id=-1057139511953193998&from_parent_type=publisher_list&referrer_clid=1400&from_page=other_page
–û–ª—å–≥–∞ –ß–µ–±—ã–∫–∏–Ω–∞. –ñ–µ–Ω—â–∏–Ω—ã,https://dzen.ru/womenvideomagazine?country_code=ru&lang=ru&parent_rid=1046336202.96.1678877488458.71989&from_parent_id=-1057139511953193998&from_parent_type=publisher_list&referrer_clid=1400&from_page=other_page
"–í–∏–¥–µ–æ–∂—É—Ä–Ω–∞–ª –æ —Å—á–∞—Å—Ç–ª–∏–≤–æ–π –∂–∏–∑–Ω–∏. –ò–Ω—Ç–µ—Ä–≤—å—é –û–ª—å–≥–∏ –ß–µ–±—ã–∫–∏–Ω–æ–π —Å —ç–∫—Å–ø–µ—Ä—Ç–∞–º–∏ –æ —Ç–æ–º, —á—Ç–æ –¥–µ–ª–∞–µ—Ç –Ω–∞—à—É –∂–∏–∑–Ω—å –ª—É—á—à–µ –∏ —Å—á–∞—Å—Ç–ª–∏–≤–µ–µ.",https://dzen.ru/womenvideomagazine?country_code=ru&lang=ru&parent_rid=1046336202.96.1678877488458.71989&from_parent_id=-1057139511953193998&from_parent_type=publisher_list&referrer_clid=1400&from_page=other_page
–û–ª–µ—Å—è –ò–Ω–µ–≤—Å–∫–∞—è ,https://dzen.ru/inevskaya?country_code=ru&lang=ru&parent_rid=1046336202.96.1678877488458.71989&from_parent_id=-1057139511953193998&from_parent_type=publisher_list&referrer_clid=1400&from_page=other_page
"üìç–Ø –∑–Ω–∞—é, —á—Ç–æ —Å —Ç–æ–±–æ–π –ø—Ä–æ–∏—Å—Ö–æ–¥–∏—Ç. 
üí≠–æ—Ç–Ω–æ—à–µ–Ω–∏—è/–∞–±—å—é–∑/–Ω–∞—Å–∏–ª–∏–µ/–≥–æ—Ä–µ/—Ç—Ä–∞–≤–º—ã –¥–µ—Ç—Å—Ç–≤–∞ TW
üí≠ –ö–ª–∏–Ω–∏—á–µ—Å–∫–∏–π –ø—Å–∏—Ö–æ–ª–æ–≥, –ü—Å–∏—Ö–æ–¥—Ä–∞–º–∞—Ç–∏—Å—Çüëå 
üí≠ MGIMO Finish",https://dzen.ru/inevskaya?country_code=ru&lang=ru&parent_rid=1046336202.96.1678877488458.71989&from_parent_id=-1057139511953193998&from_parent_type=publisher_list&referrer_clid=1400&from_page=other_page
–ù–∞–¥–µ–∂–¥–∞ –°–µ–º–µ–Ω–µ–Ω–∫–æ,https://dzen.ru/nadezhdasemenenko?country_code=ru&lang=ru&parent_rid=1046336202.96.1678877488458.71989&from_parent_id=-1057139511953193998&from_parent_type=publisher_list&referrer_clid=1400&from_page=other_page
"–ü—Ä–æ –ª–∏—á–Ω—ã–µ –≥—Ä–∞–Ω–∏—Ü—ã, –ª—é–±–æ–≤—å –∏ –ø–æ–Ω–∏–º–∞–Ω–∏–µ —Å–µ–±—è.
–°–µ—Ä—Ç–∏—Ñ–∏—Ü–∏—Ä–æ–≤–∞–Ω–Ω—ã–π –∏–Ω—Å—Ç—Ä—É–∫—Ç–æ—Ä –ø—Ä–∞–∫—Ç–∏–∫ –æ—Å–æ–∑–Ω–∞–Ω–Ω–æ—Å—Ç–∏ (–º–∞–π–Ω–¥—Ñ—É–ª–Ω–µ—Å), –æ—Å–æ–∑–Ω–∞–Ω–Ω–æ–≥–æ –ø–∏—Ç–∞–Ω–∏—è, –æ—Å–≤–æ–±–æ–∂–¥–µ–Ω–∏—è –æ—Ç —Å—Ç—Ä–µ—Å—Å–∞ –ø—Ä–∏ –ø–æ–º–æ—â–∏ –æ—Å–æ–∑–Ω–∞–Ω–Ω–æ—Å—Ç–∏ (MBSR).",https://dzen.ru/nadezhdasemenenko?country_code=ru&lang=ru&parent_rid=1046336202.96.1678877488458.71989&from_parent_id=-1057139511953193998&from_parent_type=publisher_list&referrer_clid=1400&from_page=other_page
psychologyaroslav,https://dzen.ru/psychologyaroslav?country_code=ru&lang=ru&parent_rid=1046336202.96.1678877488458.71989&from_parent_id=-1057139511953193998&from_parent_type=publisher_list&referrer_clid=1400&from_page=other_page
"–ö–û–ù–°–£–õ–¨–¢–ò–†–£–Æ ONLINE
–ü—Ä–æ—Ñ–µ—Å—Å–∏–æ–Ω–∞–ª—å–Ω—ã–π –¥–∏–ø–ª–æ–º–∏—Ä–æ–≤–∞–Ω–Ω—ã–π –ü—Å–∏—Ö–æ–ª–æ–≥
 –ó–∞–ø–∏—Å—å –≤ inst:psychologyaroslav‚¨áÔ∏è
https://instagram.com/psychologyaroslav",https://dzen.ru/psychologyaroslav?country_code=ru&lang=ru&parent_rid=1046336202.96.1678877488458.71989&from_parent_id=-1057139511953193998&from_parent_type=publisher_list&referrer_clid=1400&from_page=other_page
–ö–∞–Ω–∞–ª –°—Ç—É–¥–∏–∏ –ü–æ–ª–∏–Ω—ã –ì–∞–≤–µ—Ä–¥–æ–≤—Å–∫–æ–π,https://dzen.ru/id/5e6fb474c2f7601621cf94e8?country_code=ru&lang=ru&parent_rid=1046336202.96.1678877488458.71989&from_parent_id=-1057139511953193998&from_parent_type=publisher_list&referrer_clid=1400&from_page=other_page
"–ö–∞–Ω–∞–ª –≤–µ–¥—É—Ç —Å–ø–µ—Ü–∏–∞–ª–∏—Å—Ç—ã —Å –æ–ø—ã—Ç–æ–º –ø—Å–∏—Ö–æ—Ç–µ—Ä–∞–ø–∏–∏ –∏ –∫–æ–Ω—Å—É–ª—å—Ç–∏—Ä–æ–≤–∞–Ω–∏—è –ø–æ —Å–∞–º—ã–º —Ä–∞–∑–Ω—ã–º —Ç–µ–º–∞–º: –¥–µ—Ç—Å–∫–∞—è –∏ –∫–æ—Ä—Ä–µ–∫—Ü–∏–æ–Ω–Ω–∞—è –ø—Å–∏—Ö–æ—Ç–µ—Ä–∞–ø–∏—è, –¥–µ—Ç—Å–∫–æ-—Ä–æ–¥–∏—Ç–µ–ª—å—Å–∫–æ–µ –∫–æ–Ω—Å—É–ª—å—Ç–∏—Ä–æ–≤–∞–Ω–∏–µ, —Å–µ–º–µ–π–Ω—ã–µ –∏ –ø–∞—Ä–Ω—ã–µ –æ—Ç–Ω–æ—à–µ–Ω–∏—è, —Ä–∞–∑—Ä–µ—à–µ–Ω–∏–µ –∫–æ–Ω—Ñ–ª–∏–∫—Ç–æ–≤, —Ä–µ–∞–±–∏–ª–∏—Ç–∞—Ü–∏—è –ø–æ—Å–ª–µ —Ä–∞–∑–≤–æ–¥–∞, –ø—Ä–æ—Ñ–æ—Ä–∏–µ–Ω—Ç–∞—Ü–∏—è –∏ –º–Ω–æ–≥–æ–µ –¥—Ä—É–≥–æ–µ.",https://dzen.ru/id/5e6fb474c2f7601621cf94e8?country_code=ru&lang=ru&parent_rid=1046336202.96.1678877488458.71989&from_parent_id=-1057139511953193998&from_parent_type=publisher_list&referrer_clid=1400&from_page=other_page
–í—Å—ë –æ –î–∑–µ–Ω–µ,https://dzen.ru/about
–ö–æ–Ω—Ñ–∏–¥–µ–Ω—Ü–∏–∞–ª—å–Ω–æ—Å—Ç—å,https://dzen.ru/legal/confidential/
–ü–æ–ª—å–∑–æ–≤–∞—Ç–µ–ª—å—Å–∫–æ–µ —Å–æ–≥–ª–∞—à–µ–Ω–∏–µ,https://dzen.ru/legal/termsofuse/
